Accuracy,Precision,Recall,Sensitivity,Specificity,F1-Score,ROC-AUC
0.7790804597701151,0.76544341623289,0.7906593406593407,0.7906593406593407,0.76875,0.7698726477587047,0.8478981496444732
