Accuracy,Precision,Recall,Specificity,F1-Score,ROC-AUC
0.7525083612040134,0.7580645161290323,0.6811594202898551,0.8136645962732919,0.7175572519083969,0.8128769466198578
