Accuracy,Precision,Recall,Specificity,F1-Score,ROC-AUC
0.7993311036789298,0.7910447761194029,0.7681159420289855,0.8260869565217391,0.7794117647058824,0.8663471059501305
