Accuracy,Precision,Recall,Specificity,F1-Score,ROC-AUC
0.782608695652174,0.792,0.717391304347826,0.8385093167701864,0.752851711026616,0.8377441713925645
