Accuracy,Precision,Recall,Specificity,F1-Score,ROC-AUC
0.8260869565217391,0.8412698412698413,0.7681159420289855,0.8757763975155279,0.803030303030303,0.8911693221712125
