Accuracy,Precision,Recall,Specificity,F1-Score,ROC-AUC
0.7491638795986622,0.7333333333333333,0.717391304347826,0.7763975155279503,0.7252747252747253,0.810266450625619
