Accuracy,Precision,Recall,Specificity,F1-Score,ROC-AUC
0.8193979933110368,0.8442622950819673,0.7463768115942029,0.8819875776397516,0.7923076923076923,0.8807498424700693
