Accuracy,Precision,Recall,Specificity,F1-Score,ROC-AUC
0.8327759197324415,0.8548387096774194,0.7681159420289855,0.8881987577639752,0.8091603053435115,0.8857232874246106
