Accuracy,Precision,Recall,Specificity,F1-Score,ROC-AUC
0.7859531772575251,0.8083333333333333,0.7028985507246377,0.8571428571428571,0.751937984496124,0.8346385813304527
