Accuracy,Precision,Recall,Specificity,F1-Score,ROC-AUC
0.7190635451505016,0.6956521739130435,0.6956521739130435,0.7391304347826086,0.6956521739130435,0.7741470879467099
