Accuracy,Precision,Recall,Specificity,F1-Score,ROC-AUC
0.7892976588628763,0.7906976744186046,0.7391304347826086,0.8322981366459627,0.7640449438202247,0.8611486182374651
